,Day,County,Confirmed_Cases
0,3-13,Barnstable,0
1,3-13,Berkshire,9
2,3-13,Bristol,0
3,3-13,Essex,2
4,3-13,Hampden,0
5,3-13,Middlesex,60
6,3-13,Norfolk,24
7,3-13,Plymouth,0
8,3-13,Suffolk,26
9,3-13,Worcester,2
10,3-13,Unknown,0
11,3-17,Barnstable,2
12,3-17,Berkshire,14
13,3-17,Bristol,5
14,3-17,Essex,8
15,3-17,Hampden,1
16,3-17,Middlesex,89
17,3-17,Norfolk,43
18,3-17,Plymouth,5
19,3-17,Suffolk,42
20,3-17,Worcester,8
21,3-17,Unknown,1
22,3-18,Barnstable,2
23,3-18,Berkshire,17
24,3-18,Bristol,5
25,3-18,Essex,14
26,3-18,Hampden,2
27,3-18,Middlesex,100
28,3-18,Norfolk,45
29,3-18,Plymouth,5
30,3-18,Suffolk,51
31,3-18,Worcester,10
32,3-18,Unknown,4
33,3-19,Barnstable,5
34,3-19,Berkshire,18
35,3-19,Bristol,6
36,3-19,Essex,19
37,3-19,Hampden,3
38,3-19,Middlesex,119
39,3-19,Norfolk,52
40,3-19,Plymouth,5
41,3-19,Suffolk,72
42,3-19,Worcester,14
43,3-19,Unknown,13
44,3-20,Barnstable,9
45,3-20,Berkshire,20
46,3-20,Bristol,6
47,3-20,Essex,29
48,3-20,Hampden,3
49,3-20,Middlesex,144
50,3-20,Norfolk,64
51,3-20,Plymouth,11
52,3-20,Suffolk,86
53,3-20,Worcester,19
54,3-20,Unknown,19
55,3-21,Barnstable,11
56,3-21,Berkshire,21
57,3-21,Bristol,14
58,3-21,Essex,41
59,3-21,Hampden,9
60,3-21,Middlesex,177
61,3-21,Norfolk,69
62,3-21,Plymouth,20
63,3-21,Suffolk,108
64,3-21,Worcester,24
65,3-21,Unknown,26
66,3-22,Barnstable,24
67,3-22,Berkshire,23
68,3-22,Bristol,24
69,3-22,Essex,60
70,3-22,Hampden,12
71,3-22,Middlesex,199
72,3-22,Norfolk,75
73,3-22,Plymouth,25
74,3-22,Suffolk,126
75,3-22,Worcester,37
76,3-22,Unknown,34
77,3-23,Barnstable,30
78,3-23,Berkshire,26
79,3-23,Bristol,25
80,3-23,Essex,73
81,3-23,Hampden,15
82,3-23,Middlesex,232
83,3-23,Norfolk,82
84,3-23,Plymouth,32
85,3-23,Suffolk,154
86,3-23,Worcester,42
87,3-23,Unknown,57
88,3-24,Barnstable,40
89,3-24,Berkshire,37
90,3-24,Bristol,31
91,3-24,Essex,118
92,3-24,Hampden,24
93,3-24,Middlesex,304
94,3-24,Norfolk,129
95,3-24,Plymouth,64
96,3-24,Suffolk,234
97,3-24,Worcester,73
98,3-24,Unknown,90
99,3-25,Barnstable,51
100,3-25,Berkshire,71
101,3-25,Bristol,67
102,3-25,Essex,177
103,3-25,Hampden,45
104,3-25,Middlesex,446
105,3-25,Norfolk,222
106,3-25,Plymouth,101
107,3-25,Suffolk,342
108,3-25,Worcester,129
109,3-25,Unknown,159
110,3-14,Barnstable,1
111,3-14,Berkshire,9
112,3-14,Bristol,1
113,3-14,Essex,5
114,3-14,Hampden,0
115,3-14,Middlesex,65
116,3-14,Norfolk,28
117,3-14,Plymouth,0
118,3-14,Suffolk,27
119,3-14,Worcester,2
120,3-14,Unknown,0
121,3-15,Barnstable,1
122,3-15,Berkshire,9
123,3-15,Bristol,1
124,3-15,Essex,6
125,3-15,Hampden,1
126,3-15,Middlesex,75
127,3-15,Norfolk,31
128,3-15,Plymouth,1
129,3-15,Suffolk,31
130,3-15,Worcester,6
131,3-15,Unknown,2
132,3-16,Barnstable,1
133,3-16,Berkshire,11
134,3-16,Bristol,2
135,3-16,Essex,8
136,3-16,Hampden,1
137,3-16,Middlesex,83
138,3-16,Norfolk,36
139,3-16,Plymouth,3
140,3-16,Suffolk,36
141,3-16,Worcester,6
142,3-16,Unknown,10
