,Day,Category,Confirmed_Cases
0,3-13,Patientwashospitalized,10
1,3-13,Patientwasnothospitalized,101
2,3-13,UnderInvestigation,12
3,3-17,Patientwashospitalized,21
4,3-17,Patientwasnothospitalized,145
5,3-17,UnderInvestigation,52
6,3-18,Patientwashospitalized,27
7,3-18,Patientwasnothospitalized,151
8,3-18,UnderInvestigation,78
9,3-19,Patientwashospitalized,43
10,3-19,Patientwasnothospitalized,160
11,3-19,UnderInvestigation,125
12,3-20,Patientwashospitalized,58
13,3-20,Patientwasnothospitalized,199
14,3-20,UnderInvestigation,156
15,3-21,Patientwashospitalized,61
16,3-21,Patientwasnothospitalized,215
17,3-21,UnderInvestigation,249
18,3-22,Patientwashospitalized,71
19,3-22,Patientwasnothospitalized,263
20,3-22,UnderInvestigation,312
21,3-23,Patientwashospitalized,79
22,3-23,Patientwasnothospitalized,286
23,3-23,UnderInvestigation,412
24,3-24,Patientwashospitalized,94
25,3-24,Patientwasnothospitalized,313
26,3-24,UnderInvestigation,752
27,3-25,Patientwashospitalized,103
28,3-25,Patientwasnothospitalized,350
29,3-25,UnderInvestigation,1385
30,3-14,Patientwashospitalized,11
31,3-14,Patientwasnothospitalized,105
32,3-14,UnderInvestigation,22
33,3-15,Patientwashospitalized,13
34,3-15,Patientwasnothospitalized,115
35,3-15,UnderInvestigation,36
36,3-16,Patientwashospitalized,14
37,3-16,Patientwasnothospitalized,123
38,3-16,UnderInvestigation,60
