,Day,Exposure,Confirmed_Cases
0,3-13,Biogenemployeescontacts,94
1,3-13,Travelrelated,5
2,3-13,BerkshireMedicalCentercontacts,8
3,3-13,Underinvestigation,16
4,3-17,Biogenandhouseholdcontacts,102
5,3-17,Localtransmission,33
6,3-17,Travelrelated,24
7,3-17,Underinvestigation,59
8,3-18,Biogenconferenceattendeesandhouseholdcontacts,97
9,3-18,Localtransmission,38
10,3-18,Travelrelated,26
11,3-18,Underinvestigation,95
12,3-19,Biogenconferenceattendeesandhouseholdcontacts,97
13,3-19,Localtransmission,46
14,3-19,Travelrelated,34
15,3-19,Underinvestigation,151
16,3-20,Biogenconferenceattendeesandhouseholdcontacts,97
17,3-20,Localtransmission,63
18,3-20,Travelrelated,49
19,3-20,Underinvestigation,204
20,3-21,Biogenconferenceattendeesandhouseholdcontacts,97
21,3-21,Localtransmission,69
22,3-21,Travelrelated,53
23,3-21,Underinvestigation,306
24,3-22,Biogenconferenceattendeesandhouseholdcontacts,99
25,3-22,Localtransmission,83
26,3-22,Travelrelated,68
27,3-22,Underinvestigation,396
28,3-23,Biogenconferenceattendeesandhouseholdcontacts,99
29,3-23,Localtransmission,104
30,3-23,Travelrelated,75
31,3-23,Underinvestigation,499
32,3-24,Biogenconferenceattendeesandhouseholdcontacts,99
33,3-24,Localtransmission,120
34,3-24,Travelrelated,86
35,3-24,Underinvestigation,854
36,3-25,Biogenconferenceattendeesandhouseholdcontacts,99
37,3-25,Localtransmission,146
38,3-25,Travelrelated,92
39,3-25,Underinvestigation,1501
40,3-14,Biogencontacts,104
41,3-14,Travelrelated,5
42,3-14,WesternMAcluster,8
43,3-14,Underinvestigation,21
44,3-15,Biogencontacts,108
45,3-15,Travelrelated,13
46,3-15,WesternMAcluster,8
47,3-15,Underinvestigation,35
48,3-16,Biogenandhouseholdcontacts,100
49,3-16,Localtransmission,28
50,3-16,Travelrelated,18
51,3-16,Underinvestigation,51
