,Day,Gender,Confirmed_Cases
0,3-13,Female,54
1,3-13,Male,69
2,3-17,Female,102
3,3-17,Male,116
4,3-18,Female,119
5,3-18,Male,137
6,3-19,Female,159
7,3-19,Male,169
8,3-20,Female,195
9,3-20,Male,218
10,3-21,Female,249
11,3-21,Male,275
12,3-21,Unknown,1
13,3-22,Female,308
14,3-22,Male,338
15,3-23,Female,378
16,3-23,Male,399
17,3-24,Female,567
18,3-24,Male,589
19,3-24,Unknown,3
20,3-25,Female,903
21,3-25,Male,933
22,3-25,Unknown,2
23,3-14,Female,64
24,3-14,Male,74
25,3-15,Female,74
26,3-15,Male,90
27,3-16,Female,93
28,3-16,Male,104
