,Day,Age_Group,Confirmed_Cases
0,3-22,≤19yearsofage,18
1,3-22,20-29yearsofage,93
2,3-22,30-39yearsofage,112
3,3-22,40-49yearsofage,134
4,3-22,50-59yearsofage,119
5,3-22,60-69yearsofage,87
6,3-22,≥70yearsofage,83
7,3-23,≤19yearsofage,19
8,3-23,20-29yearsofage,115
9,3-23,30-39yearsofage,132
10,3-23,40-49yearsofage,152
11,3-23,50-59yearsofage,141
12,3-23,60-69yearsofage,111
13,3-23,≥70yearsofage,107
14,3-24,≤19yearsofage,24
15,3-24,20-29yearsofage,188
16,3-24,30-39yearsofage,205
17,3-24,40-49yearsofage,214
18,3-24,50-59yearsofage,208
19,3-24,60-69yearsofage,153
20,3-24,≥70yearsofage,164
21,3-24,Unknown,3
22,3-25,≤19yearsofage,41
23,3-25,20-29yearsofage,326
24,3-25,30-39yearsofage,322
25,3-25,40-49yearsofage,313
26,3-25,50-59yearsofage,330
27,3-25,60-69yearsofage,249
28,3-25,≥70yearsofage,255
29,3-25,Unknown,2
30,3-26,≤19yearsofage,53
31,3-26,20-29yearsofage,425
32,3-26,30-39yearsofage,433
33,3-26,40-49yearsofage,386
34,3-26,50-59yearsofage,437
35,3-26,60-69yearsofage,329
36,3-26,≥70yearsofage,352
37,3-26,Unknown,2
